domain,category,rank_cz,consent_mode,status,load_time_ms,total_requests,third_party_requests,total_cookies_set,tracking_cookies_set,consent_banner_detected,consent_cmp,consent_button_text,consent_action_taken,third_party_pct,started_at,completed_at
seznam.cz,search,1,accept,success,3410,479,303,20,19,0,,,0,63.3,2026-02-08T14:09:04.110274+00:00,2026-02-08T14:09:22.227201+00:00
seznam.cz,search,1,accept,success,1851,527,343,22,21,0,,,0,65.1,2026-02-08T14:30:44.585477+00:00,2026-02-08T14:31:21.469880+00:00
seznam.cz,search,1,ignore,success,2529,490,306,22,21,0,,,0,62.4,2026-02-08T14:08:17.322381+00:00,2026-02-08T14:08:31.899038+00:00
seznam.cz,search,1,ignore,success,1979,470,296,20,19,0,,,0,63.0,2026-02-08T14:08:37.716568+00:00,2026-02-08T14:08:51.733271+00:00
seznam.cz,search,1,reject,success,9249,462,283,20,19,0,,,0,61.3,2026-02-08T14:09:04.125179+00:00,2026-02-08T14:09:27.517791+00:00
google.cz,search,2,accept,success,11625,46,45,5,5,1,custom,Přijmout vše,1,97.8,2026-02-08T14:14:00.811369+00:00,2026-02-08T14:14:25.507227+00:00
google.cz,search,2,accept,success,1390,46,45,5,5,1,text_match,Přijmout vše,1,97.8,2026-02-08T14:30:44.603828+00:00,2026-02-08T14:32:11.248227+00:00
google.cz,search,2,accept,success,8137,46,45,5,5,1,text_match,Přijmout vše,1,97.8,2026-02-08T14:34:04.110805+00:00,2026-02-08T14:35:37.530040+00:00
google.cz,search,2,ignore,success,1206,43,42,4,4,0,,,0,97.7,2026-02-08T14:08:17.611196+00:00,2026-02-08T14:08:30.838521+00:00
google.cz,search,2,ignore,success,1177,42,41,4,4,0,,,0,97.6,2026-02-08T14:08:37.731721+00:00,2026-02-08T14:08:50.936908+00:00
google.cz,search,2,ignore,success,25811,44,43,4,4,0,,,0,97.7,2026-02-08T14:14:00.810744+00:00,2026-02-08T14:14:36.637060+00:00
google.cz,search,2,ignore,success,4784,44,43,4,4,0,,,0,97.7,2026-02-08T14:34:04.109353+00:00,2026-02-08T14:34:31.923971+00:00
google.cz,search,2,reject,success,12973,46,45,5,5,1,custom,Odmítnout vše,1,97.8,2026-02-08T14:14:00.812567+00:00,2026-02-08T14:14:26.857561+00:00
google.cz,search,2,reject,success,8907,46,45,5,5,1,text_match,Odmítnout vše,1,97.8,2026-02-08T14:34:04.111580+00:00,2026-02-08T14:35:38.246163+00:00
novinky.cz,news,3,accept,success,10274,40,35,7,2,0,,,0,87.5,2026-02-08T14:14:00.813712+00:00,2026-02-08T14:14:21.733984+00:00
novinky.cz,news,3,accept,success,15681,157,144,11,2,0,,,0,91.7,2026-02-08T14:34:04.112779+00:00,2026-02-08T14:34:53.241334+00:00
novinky.cz,news,3,ignore,success,19744,135,123,9,2,0,,,0,91.1,2026-02-08T14:14:00.813187+00:00,2026-02-08T14:14:30.573339+00:00
novinky.cz,news,3,ignore,success,14758,135,123,9,2,0,,,0,91.1,2026-02-08T14:34:04.112069+00:00,2026-02-08T14:34:41.976205+00:00
novinky.cz,news,3,reject,success,6528,40,35,7,2,0,,,0,87.5,2026-02-08T14:14:00.814208+00:00,2026-02-08T14:14:18.058286+00:00
novinky.cz,news,3,reject,success,21139,165,152,11,2,0,,,0,92.1,2026-02-08T14:34:04.113487+00:00,2026-02-08T14:34:57.637586+00:00
idnes.cz,news,4,accept,success,1592,146,142,14,3,0,,,0,97.3,2026-02-08T14:14:00.815100+00:00,2026-02-08T14:14:12.877927+00:00
idnes.cz,news,4,accept,success,22014,182,179,15,3,0,,,0,98.4,2026-02-08T14:34:04.114764+00:00,2026-02-08T14:34:58.385290+00:00
idnes.cz,news,4,ignore,success,1611,147,144,14,4,0,,,0,98.0,2026-02-08T14:14:00.814658+00:00,2026-02-08T14:14:12.876087+00:00
idnes.cz,news,4,ignore,success,17646,178,175,14,3,0,,,0,98.3,2026-02-08T14:34:04.114258+00:00,2026-02-08T14:34:44.858684+00:00
idnes.cz,news,4,reject,success,3299,173,170,13,4,0,,,0,98.3,2026-02-08T14:14:00.815543+00:00,2026-02-08T14:14:14.403491+00:00
idnes.cz,news,4,reject,success,15458,182,179,14,3,0,,,0,98.4,2026-02-08T14:34:04.115246+00:00,2026-02-08T14:34:51.857679+00:00
aktualne.cz,news,5,accept,success,6025,121,93,3,2,0,,,0,76.9,2026-02-08T14:14:00.816445+00:00,2026-02-08T14:14:17.331477+00:00
aktualne.cz,news,5,accept,success,13046,468,437,10,2,0,,,0,93.4,2026-02-08T14:34:04.116694+00:00,2026-02-08T14:34:49.399357+00:00
aktualne.cz,news,5,ignore,success,7901,141,113,4,2,0,,,0,80.1,2026-02-08T14:14:00.815999+00:00,2026-02-08T14:14:18.826652+00:00
aktualne.cz,news,5,ignore,success,7450,306,275,9,2,0,,,0,89.9,2026-02-08T14:34:04.115840+00:00,2026-02-08T14:34:34.590662+00:00
aktualne.cz,news,5,reject,success,4233,123,95,3,2,0,,,0,77.2,2026-02-08T14:14:00.816972+00:00,2026-02-08T14:14:16.186846+00:00
aktualne.cz,news,5,reject,success,16349,634,603,15,3,0,,,0,95.1,2026-02-08T14:34:04.117231+00:00,2026-02-08T14:34:55.247391+00:00
irozhlas.cz,news,6,accept,success,8724,76,19,4,0,0,,,0,25.0,2026-02-08T14:14:13.920158+00:00,2026-02-08T14:14:32.809753+00:00
irozhlas.cz,news,6,accept,success,6433,79,22,5,0,0,,,0,27.8,2026-02-08T14:34:30.754901+00:00,2026-02-08T14:35:08.110103+00:00
irozhlas.cz,news,6,ignore,success,1610,71,16,4,0,0,,,0,22.5,2026-02-08T14:14:00.817521+00:00,2026-02-08T14:14:12.878816+00:00
irozhlas.cz,news,6,ignore,success,2394,78,21,4,0,0,,,0,26.9,2026-02-08T14:34:04.118419+00:00,2026-02-08T14:34:29.652473+00:00
irozhlas.cz,news,6,reject,success,4283,73,17,4,0,0,,,0,23.3,2026-02-08T14:14:13.923734+00:00,2026-02-08T14:14:28.402941+00:00
irozhlas.cz,news,6,reject,success,1712,79,22,5,0,0,,,0,27.8,2026-02-08T14:34:32.964767+00:00,2026-02-08T14:35:05.494481+00:00
denik.cz,news,7,accept,success,3683,52,7,2,0,0,,,0,13.5,2026-02-08T14:14:15.414732+00:00,2026-02-08T14:14:29.359375+00:00
denik.cz,news,7,accept,success,2254,340,284,16,10,0,,,0,83.5,2026-02-08T14:34:43.043488+00:00,2026-02-08T14:35:14.973533+00:00
denik.cz,news,7,ignore,success,7504,69,24,7,2,0,,,0,34.8,2026-02-08T14:14:13.924552+00:00,2026-02-08T14:14:31.449140+00:00
denik.cz,news,7,ignore,success,5248,324,275,13,8,0,,,0,84.9,2026-02-08T14:34:35.655611+00:00,2026-02-08T14:35:03.952440+00:00
denik.cz,news,7,reject,success,5004,83,37,11,6,0,,,0,44.6,2026-02-08T14:14:17.197190+00:00,2026-02-08T14:14:32.776101+00:00
denik.cz,news,7,reject,success,2205,352,293,17,10,0,,,0,83.2,2026-02-08T14:34:45.890685+00:00,2026-02-08T14:35:17.090775+00:00
blesk.cz,news,8,accept,success,40575,246,207,17,6,0,,,0,84.1,2026-02-08T14:15:51.177588+00:00,2026-02-08T14:16:42.428673+00:00
blesk.cz,news,8,accept,success,16807,194,166,15,5,0,,,0,85.6,2026-02-08T14:34:52.953649+00:00,2026-02-08T14:35:39.508219+00:00
blesk.cz,news,8,ignore,success,17499,208,173,13,5,0,,,0,83.2,2026-02-08T14:15:50.436798+00:00,2026-02-08T14:16:17.964059+00:00
blesk.cz,news,8,ignore,success,44418,175,152,14,5,0,,,0,86.9,2026-02-08T14:34:50.492148+00:00,2026-02-08T14:35:57.948158+00:00
blesk.cz,news,8,reject,success,17722,196,166,13,5,0,,,0,84.7,2026-02-08T14:15:52.028892+00:00,2026-02-08T14:16:20.137988+00:00
blesk.cz,news,8,reject,success,22085,204,173,15,5,0,,,0,84.8,2026-02-08T14:34:54.280195+00:00,2026-02-08T14:35:45.662563+00:00
sport.cz,news,9,accept,success,4426,125,32,8,2,0,,,0,25.6,2026-02-08T14:14:26.516316+00:00,2026-02-08T14:14:41.804948+00:00
sport.cz,news,9,accept,success,5255,208,116,8,2,0,,,0,55.8,2026-02-08T14:34:58.674497+00:00,2026-02-08T14:35:32.550864+00:00
sport.cz,news,9,ignore,success,5550,125,32,8,2,0,,,0,25.6,2026-02-08T14:14:22.743474+00:00,2026-02-08T14:14:38.310271+00:00
sport.cz,news,9,ignore,success,4957,207,115,8,2,0,,,0,55.6,2026-02-08T14:34:56.334188+00:00,2026-02-08T14:35:24.312535+00:00
sport.cz,news,9,reject,success,4838,125,32,8,2,0,,,0,25.6,2026-02-08T14:14:27.874522+00:00,2026-02-08T14:14:43.357902+00:00
sport.cz,news,9,reject,success,3595,123,36,8,2,0,,,0,29.3,2026-02-08T14:34:59.417837+00:00,2026-02-08T14:35:31.392680+00:00
lidovky.cz,news,10,accept,success,22980,199,195,19,3,0,,,0,98.0,2026-02-08T14:14:30.367143+00:00,2026-02-08T14:15:03.623016+00:00
lidovky.cz,news,10,accept,success,13728,197,193,18,3,0,,,0,98.0,2026-02-08T14:35:06.505011+00:00,2026-02-08T14:35:48.391128+00:00
lidovky.cz,news,10,ignore,success,24012,191,187,19,3,0,,,0,97.9,2026-02-08T14:14:29.421492+00:00,2026-02-08T14:15:03.451904+00:00
lidovky.cz,news,10,ignore,success,19035,206,202,20,3,0,,,0,98.1,2026-02-08T14:35:52.147547+00:00,2026-02-08T14:36:34.202261+00:00
lidovky.cz,news,10,reject,success,17646,193,190,13,0,0,,,0,98.4,2026-02-08T14:14:31.588672+00:00,2026-02-08T14:14:59.548349+00:00
lidovky.cz,news,10,reject,success,34902,199,195,20,3,0,,,0,98.0,2026-02-08T14:35:09.150637+00:00,2026-02-08T14:36:12.362662+00:00
e15.cz,news,11,accept,success,27549,115,111,13,5,0,,,0,96.5,2026-02-08T14:14:33.787464+00:00,2026-02-08T14:15:11.642113+00:00
e15.cz,news,11,accept,success,12636,136,127,18,9,0,,,0,93.4,2026-02-08T14:35:18.128387+00:00,2026-02-08T14:35:59.523246+00:00
e15.cz,news,11,ignore,success,6440,141,125,13,5,0,,,0,88.7,2026-02-08T14:14:32.458043+00:00,2026-02-08T14:14:48.913115+00:00
e15.cz,news,11,ignore,success,28975,121,116,13,5,0,,,0,95.9,2026-02-08T14:35:16.046147+00:00,2026-02-08T14:36:08.040090+00:00
e15.cz,news,11,reject,success,5322,156,137,13,5,0,,,0,87.8,2026-02-08T14:15:19.869062+00:00,2026-02-08T14:15:35.347195+00:00
e15.cz,news,11,reject,success,32060,118,115,13,5,0,,,0,97.5,2026-02-08T14:35:25.355791+00:00,2026-02-08T14:36:25.845141+00:00
info.cz,news,12,accept,success,3178,74,60,5,2,1,custom,Přijmout vše,1,81.1,2026-02-08T14:14:39.320641+00:00,2026-02-08T14:14:55.613529+00:00
info.cz,news,12,accept,success,3207,69,54,4,2,0,,,0,78.3,2026-02-08T14:35:33.567483+00:00,2026-02-08T14:36:04.450636+00:00
info.cz,news,12,ignore,success,1531,68,54,4,2,0,,,0,79.4,2026-02-08T14:14:37.645204+00:00,2026-02-08T14:14:49.192444+00:00
info.cz,news,12,ignore,success,2862,68,54,4,2,0,,,0,79.4,2026-02-08T14:35:32.402026+00:00,2026-02-08T14:35:58.281931+00:00
info.cz,news,12,reject,success,6429,64,50,3,2,0,,,0,78.1,2026-02-08T14:14:42.815858+00:00,2026-02-08T14:14:59.581307+00:00
info.cz,news,12,reject,success,9393,68,54,4,2,0,,,0,79.4,2026-02-08T14:35:38.550503+00:00,2026-02-08T14:36:15.519226+00:00
lupa.cz,tech,13,accept,success,7766,118,100,15,7,0,,,0,84.7,2026-02-08T14:14:49.935193+00:00,2026-02-08T14:15:07.912475+00:00
lupa.cz,tech,13,accept,success,4797,123,105,15,10,0,,,0,85.4,2026-02-08T14:35:40.537447+00:00,2026-02-08T14:36:14.072982+00:00
lupa.cz,tech,13,ignore,success,7507,101,83,13,8,0,,,0,82.2,2026-02-08T14:14:44.367909+00:00,2026-02-08T14:15:01.905929+00:00
lupa.cz,tech,13,ignore,success,27911,122,104,18,10,0,,,0,85.2,2026-02-08T14:35:39.258449+00:00,2026-02-08T14:36:30.204791+00:00
lupa.cz,tech,13,reject,success,10495,121,103,15,8,0,,,0,85.1,2026-02-08T14:14:50.235186+00:00,2026-02-08T14:15:10.926498+00:00
lupa.cz,tech,13,reject,success,11562,124,106,18,10,0,,,0,85.5,2026-02-08T14:35:46.686498+00:00,2026-02-08T14:36:26.801073+00:00
root.cz,tech,14,accept,success,19291,92,78,14,9,0,,,0,84.8,2026-02-08T14:15:00.574032+00:00,2026-02-08T14:15:30.024755+00:00
root.cz,tech,14,accept,success,7073,110,96,16,11,0,,,0,87.3,2026-02-08T14:35:58.979236+00:00,2026-02-08T14:36:35.161922+00:00
root.cz,tech,14,ignore,success,13467,109,95,13,9,0,,,0,87.2,2026-02-08T14:14:56.639128+00:00,2026-02-08T14:15:20.123277+00:00
root.cz,tech,14,ignore,success,12548,110,96,16,11,0,,,0,87.3,2026-02-08T14:35:49.410436+00:00,2026-02-08T14:36:24.975748+00:00
root.cz,tech,14,reject,success,17549,93,79,13,9,0,,,0,84.9,2026-02-08T14:15:00.593878+00:00,2026-02-08T14:15:28.387271+00:00
root.cz,tech,14,reject,success,8900,111,97,16,11,0,,,0,87.4,2026-02-08T14:35:59.291472+00:00,2026-02-08T14:36:36.860073+00:00
zive.cz,tech,15,accept,success,9145,88,66,7,3,0,,,0,75.0,2026-02-08T14:15:04.468669+00:00,2026-02-08T14:15:23.727700+00:00
zive.cz,tech,15,accept,success,8276,130,106,17,7,0,,,0,81.5,2026-02-08T14:36:05.460264+00:00,2026-02-08T14:36:41.440547+00:00
zive.cz,tech,15,ignore,success,6199,79,57,4,0,0,,,0,72.2,2026-02-08T14:15:02.924903+00:00,2026-02-08T14:15:19.139862+00:00
zive.cz,tech,15,ignore,success,8367,110,86,10,5,0,,,0,78.2,2026-02-08T14:36:00.565952+00:00,2026-02-08T14:36:31.955841+00:00
zive.cz,tech,15,reject,success,8028,87,65,7,3,0,,,0,74.7,2026-02-08T14:15:04.651801+00:00,2026-02-08T14:15:22.800693+00:00
zive.cz,tech,15,reject,success,7057,130,106,17,7,0,,,0,81.5,2026-02-08T14:36:09.051753+00:00,2026-02-08T14:36:43.513301+00:00
cnews.cz,tech,16,accept,success,17372,118,103,15,8,0,,,0,87.3,2026-02-08T14:15:11.947223+00:00,2026-02-08T14:15:39.553311+00:00
cnews.cz,tech,16,accept,success,7373,118,103,15,8,0,,,0,87.3,2026-02-08T14:36:15.120488+00:00,2026-02-08T14:36:51.567662+00:00
cnews.cz,tech,16,ignore,success,22744,118,103,14,8,0,,,0,87.3,2026-02-08T14:15:08.930648+00:00,2026-02-08T14:15:41.696044+00:00
cnews.cz,tech,16,ignore,success,13772,119,104,15,8,0,,,0,87.4,2026-02-08T14:36:13.392673+00:00,2026-02-08T14:36:50.186311+00:00
cnews.cz,tech,16,reject,success,6626,118,103,15,8,0,,,0,87.3,2026-02-08T14:15:12.660240+00:00,2026-02-08T14:15:29.554149+00:00
cnews.cz,tech,16,reject,success,7661,126,111,15,8,0,,,0,88.1,2026-02-08T14:36:16.530005+00:00,2026-02-08T14:36:52.862812+00:00
alza.cz,ecommerce,17,accept,success,931,14,8,1,0,0,,,0,57.1,2026-02-08T14:15:21.137846+00:00,2026-02-08T14:15:32.148846+00:00
alza.cz,ecommerce,17,accept,success,963,20,14,1,0,0,,,0,70.0,2026-02-08T14:36:26.865724+00:00,2026-02-08T14:36:53.144628+00:00
alza.cz,ecommerce,17,ignore,success,4121,29,23,1,0,0,,,0,79.3,2026-02-08T14:15:20.157561+00:00,2026-02-08T14:15:34.296196+00:00
alza.cz,ecommerce,17,ignore,success,1037,20,14,1,0,0,,,0,70.0,2026-02-08T14:36:25.990072+00:00,2026-02-08T14:36:50.049366+00:00
alza.cz,ecommerce,17,reject,success,1197,20,14,1,0,0,,,0,70.0,2026-02-08T14:15:23.811233+00:00,2026-02-08T14:15:35.086849+00:00
alza.cz,ecommerce,17,reject,success,2006,20,14,1,0,0,,,0,70.0,2026-02-08T14:36:27.821720+00:00,2026-02-08T14:36:54.997413+00:00
mall.cz,ecommerce,18,accept,success,1910,14,13,9,0,0,,,0,92.9,2026-02-08T14:15:29.400788+00:00,2026-02-08T14:15:42.349839+00:00
mall.cz,ecommerce,18,accept,success,1704,14,13,9,0,1,iframe_text,Allegro User Agreement,1,92.9,2026-02-08T14:36:32.969409+00:00,2026-02-08T14:37:59.892113+00:00
mall.cz,ecommerce,18,ignore,success,4826,14,13,9,0,0,,,0,92.9,2026-02-08T14:15:24.751292+00:00,2026-02-08T14:15:39.598568+00:00
mall.cz,ecommerce,18,ignore,success,1074,14,13,9,0,0,,,0,92.9,2026-02-08T14:37:10.884922+00:00,2026-02-08T14:37:35.009854+00:00
mall.cz,ecommerce,18,reject,success,914,14,13,9,0,0,,,0,92.9,2026-02-08T14:15:30.569618+00:00,2026-02-08T14:15:41.581379+00:00
mall.cz,ecommerce,18,reject,success,972,14,13,9,0,0,,,0,92.9,2026-02-08T14:36:35.228604+00:00,2026-02-08T14:37:01.419152+00:00
czc.cz,ecommerce,19,accept,success,3364,210,207,2,0,1,custom,Souhlasím,1,98.6,2026-02-08T14:15:33.157642+00:00,2026-02-08T14:15:49.761375+00:00
czc.cz,ecommerce,19,accept,success,1614,212,207,3,0,1,css_banner,Souhlasím,1,97.6,2026-02-08T14:36:37.875047+00:00,2026-02-08T14:38:04.747854+00:00
czc.cz,ecommerce,19,ignore,success,6682,95,93,1,0,0,,,0,97.9,2026-02-08T14:15:31.039634+00:00,2026-02-08T14:15:47.742327+00:00
czc.cz,ecommerce,19,ignore,success,3470,210,207,2,0,0,,,0,98.6,2026-02-08T14:36:36.175755+00:00,2026-02-08T14:37:02.668762+00:00
czc.cz,ecommerce,19,reject,success,2214,198,195,2,0,1,custom,Nesouhlasím,1,98.5,2026-02-08T14:15:35.307846+00:00,2026-02-08T14:15:51.109228+00:00
czc.cz,ecommerce,19,reject,success,1122,213,208,3,0,1,css_banner,Nesouhlasím,1,97.7,2026-02-08T14:36:42.454297+00:00,2026-02-08T14:38:08.944039+00:00
rohlik.cz,ecommerce,20,accept,success,26482,449,55,22,10,1,custom,Přijmout vše,1,12.2,2026-02-08T14:15:36.378771+00:00,2026-02-08T14:16:15.995895+00:00
rohlik.cz,ecommerce,20,accept,success,4155,457,40,11,1,0,,,0,8.8,2026-02-08T14:36:51.074248+00:00,2026-02-08T14:37:25.623188+00:00
rohlik.cz,ecommerce,20,ignore,success,6311,439,32,11,1,0,,,0,7.3,2026-02-08T14:15:36.096658+00:00,2026-02-08T14:15:52.444728+00:00
rohlik.cz,ecommerce,20,ignore,success,3243,451,36,11,1,0,,,0,8.0,2026-02-08T14:36:44.541487+00:00,2026-02-08T14:37:10.890025+00:00
rohlik.cz,ecommerce,20,reject,success,8449,425,34,10,1,0,,,0,8.0,2026-02-08T14:15:40.575052+00:00,2026-02-08T14:15:59.602269+00:00
rohlik.cz,ecommerce,20,reject,success,6025,455,37,11,1,0,,,0,8.1,2026-02-08T14:36:51.199375+00:00,2026-02-08T14:37:27.794966+00:00
kosik.cz,ecommerce,21,accept,success,29161,214,63,23,13,1,custom,Přijmout vše,1,29.4,2026-02-08T14:15:42.593077+00:00,2026-02-08T14:16:24.899310+00:00
kosik.cz,ecommerce,21,accept,success,12706,140,11,3,0,0,,,0,7.9,2026-02-08T14:36:53.880525+00:00,2026-02-08T14:37:38.688122+00:00
kosik.cz,ecommerce,21,ignore,success,26612,138,10,3,0,0,,,0,7.2,2026-02-08T14:15:40.606002+00:00,2026-02-08T14:16:17.256320+00:00
kosik.cz,ecommerce,21,ignore,success,12105,138,10,3,0,0,,,0,7.2,2026-02-08T14:36:52.579132+00:00,2026-02-08T14:37:27.921652+00:00
kosik.cz,ecommerce,21,reject,success,31161,137,9,3,0,0,,,0,6.6,2026-02-08T14:15:42.711328+00:00,2026-02-08T14:16:24.000477+00:00
kosik.cz,ecommerce,21,reject,success,6413,140,11,3,0,0,,,0,7.9,2026-02-08T14:36:54.181046+00:00,2026-02-08T14:37:32.961944+00:00
notino.cz,ecommerce,22,accept,success,479,19,14,4,0,0,,,0,73.7,2026-02-08T14:15:48.787153+00:00,2026-02-08T14:15:59.447611+00:00
notino.cz,ecommerce,22,accept,success,928,19,14,4,0,0,,,0,73.7,2026-02-08T14:37:02.451053+00:00,2026-02-08T14:37:28.907729+00:00
notino.cz,ecommerce,22,ignore,success,1288,19,14,4,0,0,,,0,73.7,2026-02-08T14:15:43.356037+00:00,2026-02-08T14:15:54.662917+00:00
notino.cz,ecommerce,22,ignore,success,1046,19,14,4,0,0,,,0,73.7,2026-02-08T14:36:56.005429+00:00,2026-02-08T14:37:20.083598+00:00
notino.cz,ecommerce,22,reject,success,574,19,14,4,0,0,,,0,73.7,2026-02-08T14:15:50.785852+00:00,2026-02-08T14:16:01.579308+00:00
notino.cz,ecommerce,22,reject,success,977,28,23,4,0,0,,,0,82.1,2026-02-08T14:37:03.713308+00:00,2026-02-08T14:37:30.165452+00:00
datart.cz,ecommerce,23,accept,success,13672,94,51,15,7,1,custom,Souhlasím a pokračovat,1,54.3,2026-02-08T14:17:25.665878+00:00,2026-02-08T14:17:52.739202+00:00
datart.cz,ecommerce,23,accept,success,7854,84,41,7,0,0,,,0,48.8,2026-02-08T14:37:12.370813+00:00,2026-02-08T14:38:06.161382+00:00
datart.cz,ecommerce,23,ignore,success,15774,72,29,7,0,0,,,0,40.3,2026-02-08T14:17:24.299296+00:00,2026-02-08T14:17:50.093071+00:00
datart.cz,ecommerce,23,ignore,success,6639,77,34,7,0,0,,,0,44.2,2026-02-08T14:37:12.275540+00:00,2026-02-08T14:37:41.945439+00:00
datart.cz,ecommerce,23,reject,success,12303,76,33,8,0,1,custom,Odmítnout volitelné cookies,1,43.4,2026-02-08T14:17:27.828605+00:00,2026-02-08T14:17:53.549058+00:00
datart.cz,ecommerce,23,reject,success,8681,82,39,7,0,0,,,0,47.6,2026-02-08T14:37:12.373768+00:00,2026-02-08T14:38:05.748270+00:00
benu.cz,ecommerce,24,accept,success,27299,84,22,12,0,1,custom,Přijmout vše,1,26.2,2026-02-08T14:16:00.636009+00:00,2026-02-08T14:16:41.047269+00:00
benu.cz,ecommerce,24,accept,success,872,141,74,22,8,1,css_banner,Přijmout vše,1,52.5,2026-02-08T14:37:21.106220+00:00,2026-02-08T14:38:48.248532+00:00
benu.cz,ecommerce,24,ignore,success,18776,81,21,9,0,0,,,0,25.9,2026-02-08T14:16:00.460204+00:00,2026-02-08T14:16:29.270730+00:00
benu.cz,ecommerce,24,ignore,success,5166,85,23,9,0,0,,,0,27.1,2026-02-08T14:37:12.398729+00:00,2026-02-08T14:37:40.590501+00:00
benu.cz,ecommerce,24,reject,success,27277,84,22,10,0,1,custom,Odmítnout vše,1,26.2,2026-02-08T14:16:02.592532+00:00,2026-02-08T14:16:43.016794+00:00
benu.cz,ecommerce,24,reject,success,886,98,25,10,0,1,css_banner,Odmítnout vše,1,25.5,2026-02-08T14:37:26.850632+00:00,2026-02-08T14:38:54.106635+00:00
tsbohemia.cz,ecommerce,25,accept,success,907,15,10,1,0,0,,,0,66.7,2026-02-08T14:16:18.289263+00:00,2026-02-08T14:16:29.489629+00:00
tsbohemia.cz,ecommerce,25,accept,success,385,19,14,1,0,0,,,0,73.7,2026-02-08T14:37:29.041247+00:00,2026-02-08T14:37:54.866879+00:00
tsbohemia.cz,ecommerce,25,ignore,success,5014,28,23,1,0,0,,,0,82.1,2026-02-08T14:16:17.070165+00:00,2026-02-08T14:16:32.200681+00:00
tsbohemia.cz,ecommerce,25,ignore,success,469,19,14,1,0,0,,,0,73.7,2026-02-08T14:37:28.922271+00:00,2026-02-08T14:37:52.510436+00:00
tsbohemia.cz,ecommerce,25,reject,success,3129,32,21,2,0,0,,,0,65.6,2026-02-08T14:16:18.997469+00:00,2026-02-08T14:16:32.328526+00:00
tsbohemia.cz,ecommerce,25,reject,success,507,28,23,1,0,0,,,0,82.1,2026-02-08T14:37:29.968188+00:00,2026-02-08T14:37:55.934201+00:00
pilulka.cz,ecommerce,26,accept,success,13586,250,235,18,1,0,,,0,94.0,2026-02-08T14:16:25.019666+00:00,2026-02-08T14:16:49.739980+00:00
pilulka.cz,ecommerce,26,accept,success,1607,318,287,33,10,1,css_banner,Přijmout všechny cookies,1,90.3,2026-02-08T14:37:34.012339+00:00,2026-02-08T14:39:01.157367+00:00
pilulka.cz,ecommerce,26,ignore,success,9944,250,235,18,1,0,,,0,94.0,2026-02-08T14:16:21.178940+00:00,2026-02-08T14:16:41.143544+00:00
pilulka.cz,ecommerce,26,ignore,success,1643,250,235,18,1,0,,,0,94.0,2026-02-08T14:37:31.276834+00:00,2026-02-08T14:37:55.964075+00:00
pilulka.cz,ecommerce,26,reject,success,14339,247,232,13,0,0,,,0,93.9,2026-02-08T14:16:25.934090+00:00,2026-02-08T14:16:51.134650+00:00
pilulka.cz,ecommerce,26,reject,success,1408,265,236,18,1,1,css_banner,Odmítnout všechny cookies,1,89.1,2026-02-08T14:37:36.034109+00:00,2026-02-08T14:39:02.996279+00:00
megapixel.cz,ecommerce,27,accept,success,30539,123,32,7,0,1,custom,PŘIJMOUT VŠE,1,26.0,2026-02-08T14:16:30.502426+00:00,2026-02-08T14:17:14.977297+00:00
megapixel.cz,ecommerce,27,accept,success,929,119,61,23,9,1,css_banner,PŘIJMOUT VŠE,1,51.3,2026-02-08T14:37:41.607014+00:00,2026-02-08T14:39:07.726775+00:00
megapixel.cz,ecommerce,27,ignore,success,19539,67,17,6,0,0,,,0,25.4,2026-02-08T14:16:30.283462+00:00,2026-02-08T14:16:59.849669+00:00
megapixel.cz,ecommerce,27,ignore,success,654,73,21,6,0,0,,,0,28.8,2026-02-08T14:37:39.721057+00:00,2026-02-08T14:38:03.449215+00:00
megapixel.cz,ecommerce,27,reject,success,18600,121,32,7,0,0,,,0,26.4,2026-02-08T14:16:33.213166+00:00,2026-02-08T14:17:05.373235+00:00
megapixel.cz,ecommerce,27,reject,success,994,76,23,7,0,1,css_banner,ODMÍTNOUT,1,30.3,2026-02-08T14:37:42.972566+00:00,2026-02-08T14:39:09.157445+00:00
mountfield.cz,ecommerce,28,accept,success,3931,218,49,13,5,0,,,0,22.5,2026-02-08T14:16:42.063408+00:00,2026-02-08T14:16:56.244566+00:00
mountfield.cz,ecommerce,28,accept,success,8326,261,92,13,5,0,,,0,35.2,2026-02-08T14:37:55.881589+00:00,2026-02-08T14:38:34.615650+00:00
mountfield.cz,ecommerce,28,ignore,success,7508,216,52,13,5,0,,,0,24.1,2026-02-08T14:16:33.352749+00:00,2026-02-08T14:16:50.880710+00:00
mountfield.cz,ecommerce,28,ignore,success,976,255,91,13,5,0,,,0,35.7,2026-02-08T14:37:53.540704+00:00,2026-02-08T14:38:17.540575+00:00
mountfield.cz,ecommerce,28,reject,success,15022,295,111,15,5,1,custom,Odmítnout vše,1,37.6,2026-02-08T14:16:42.176898+00:00,2026-02-08T14:17:10.318767+00:00
mountfield.cz,ecommerce,28,reject,success,4720,256,92,13,5,0,,,0,35.9,2026-02-08T14:37:56.998001+00:00,2026-02-08T14:38:32.276610+00:00
heureka.cz,ecommerce,29,accept,success,2872,19,14,1,1,0,,,0,73.7,2026-02-08T14:16:44.027398+00:00,2026-02-08T14:16:56.986529+00:00
heureka.cz,ecommerce,29,accept,success,1383,48,37,2,2,0,,,0,77.1,2026-02-08T14:38:00.920250+00:00,2026-02-08T14:38:27.443212+00:00
heureka.cz,ecommerce,29,ignore,success,3232,28,23,1,1,0,,,0,82.1,2026-02-08T14:16:43.484144+00:00,2026-02-08T14:16:56.733917+00:00
heureka.cz,ecommerce,29,ignore,success,841,19,14,1,1,0,,,0,73.7,2026-02-08T14:37:57.038963+00:00,2026-02-08T14:38:20.908589+00:00
heureka.cz,ecommerce,29,reject,success,558,19,14,1,1,0,,,0,73.7,2026-02-08T14:16:50.805906+00:00,2026-02-08T14:17:01.450292+00:00
heureka.cz,ecommerce,29,reject,success,958,19,14,1,1,0,,,0,73.7,2026-02-08T14:38:04.506152+00:00,2026-02-08T14:38:30.713024+00:00
zbozi.cz,ecommerce,30,accept,success,13398,72,2,7,6,0,,,0,2.8,2026-02-08T14:16:52.161349+00:00,2026-02-08T14:17:15.980242+00:00
zbozi.cz,ecommerce,30,accept,success,7612,289,208,7,6,0,,,0,72.0,2026-02-08T14:38:06.765979+00:00,2026-02-08T14:38:46.172539+00:00
zbozi.cz,ecommerce,30,ignore,success,12615,72,2,7,6,0,,,0,2.8,2026-02-08T14:16:51.899069+00:00,2026-02-08T14:17:14.536431+00:00
zbozi.cz,ecommerce,30,ignore,success,4597,289,208,7,6,0,,,0,72.0,2026-02-08T14:38:05.777834+00:00,2026-02-08T14:38:33.411923+00:00
zbozi.cz,ecommerce,30,reject,success,17633,289,208,7,6,0,,,0,72.0,2026-02-08T14:16:57.262174+00:00,2026-02-08T14:17:25.077362+00:00
zbozi.cz,ecommerce,30,reject,success,6120,289,208,7,6,0,,,0,72.0,2026-02-08T14:38:07.179039+00:00,2026-02-08T14:38:44.471886+00:00
gov.cz,government,31,accept,success,43664,125,124,6,0,1,custom,Souhlasím se všemi,1,99.2,2026-02-08T14:16:57.996907+00:00,2026-02-08T14:17:54.868207+00:00
gov.cz,government,31,accept,success,6842,125,124,1,0,0,,,0,99.2,2026-02-08T14:38:18.600911+00:00,2026-02-08T14:38:53.951742+00:00
gov.cz,government,31,ignore,success,34929,125,124,1,0,0,,,0,99.2,2026-02-08T14:16:57.743776+00:00,2026-02-08T14:17:42.690842+00:00
gov.cz,government,31,ignore,success,13417,125,124,1,0,0,,,0,99.2,2026-02-08T14:38:09.989954+00:00,2026-02-08T14:38:46.425117+00:00
gov.cz,government,31,reject,success,3535,125,124,6,0,1,custom,Odmítnout všechny,1,99.2,2026-02-08T14:17:46.906020+00:00,2026-02-08T14:18:03.557801+00:00
gov.cz,government,31,reject,success,4018,125,124,1,0,0,,,0,99.2,2026-02-08T14:38:21.931891+00:00,2026-02-08T14:38:54.250845+00:00
mfcr.cz,government,32,accept,success,13879,54,53,5,2,1,cookiebot,Povolit všechny cookies,1,98.1,2026-02-08T14:17:05.527839+00:00,2026-02-08T14:17:32.480698+00:00
mfcr.cz,government,32,accept,success,830,55,54,5,2,1,cookiebot,Povolit všechny cookies,1,98.2,2026-02-08T14:38:31.743962+00:00,2026-02-08T14:39:57.660151+00:00
mfcr.cz,government,32,ignore,success,6766,38,37,0,0,0,,,0,97.4,2026-02-08T14:17:02.463221+00:00,2026-02-08T14:17:19.245695+00:00
mfcr.cz,government,32,ignore,success,1078,46,45,0,0,0,,,0,97.8,2026-02-08T14:38:28.476559+00:00,2026-02-08T14:38:52.580165+00:00
mfcr.cz,government,32,reject,success,7123,45,44,1,0,1,cookiebot,Pouze nutné cookies,1,97.8,2026-02-08T14:17:05.548045+00:00,2026-02-08T14:17:25.728034+00:00
mfcr.cz,government,32,reject,success,1864,48,47,1,0,1,cookiebot,Pouze nutné cookies,1,97.9,2026-02-08T14:38:33.317728+00:00,2026-02-08T14:40:00.323115+00:00
cssz.cz,government,33,accept,success,8249,126,20,10,2,1,css_banner,SOUHLASÍM SE VŠEMI,1,15.9,2026-02-08T14:38:35.655725+00:00,2026-02-08T14:40:09.384416+00:00
cssz.cz,government,33,ignore,success,3872,61,8,9,2,0,,,0,13.1,2026-02-08T14:17:05.548902+00:00,2026-02-08T14:17:19.438590+00:00
cssz.cz,government,33,ignore,success,3701,64,11,8,2,0,,,0,17.2,2026-02-08T14:38:34.441702+00:00,2026-02-08T14:39:01.183359+00:00
cssz.cz,government,33,reject,success,847,65,11,6,2,0,,,0,16.9,2026-02-08T14:38:45.508422+00:00,2026-02-08T14:39:13.951996+00:00
czso.cz,government,34,accept,success,10730,107,106,0,0,0,,,0,99.1,2026-02-08T14:17:15.989684+00:00,2026-02-08T14:17:37.047560+00:00
czso.cz,government,34,accept,success,1696,107,106,0,0,0,,,0,99.1,2026-02-08T14:38:47.445459+00:00,2026-02-08T14:39:17.081127+00:00
czso.cz,government,34,ignore,success,16792,107,106,0,0,0,,,0,99.1,2026-02-08T14:17:15.546548+00:00,2026-02-08T14:17:42.354561+00:00
czso.cz,government,34,ignore,success,5179,107,106,0,0,0,,,0,99.1,2026-02-08T14:38:47.203255+00:00,2026-02-08T14:39:15.397894+00:00
czso.cz,government,34,reject,success,10759,107,106,0,0,0,,,0,99.1,2026-02-08T14:17:16.995193+00:00,2026-02-08T14:17:37.994626+00:00
czso.cz,government,34,reject,success,4671,107,106,0,0,0,,,0,99.1,2026-02-08T14:38:49.273165+00:00,2026-02-08T14:39:21.452284+00:00
justice.cz,government,35,accept,success,18955,74,72,10,4,1,custom,SOUHLASÍM SE VŠEMI,1,97.3,2026-02-08T14:17:20.451812+00:00,2026-02-08T14:17:52.506923+00:00
justice.cz,government,35,accept,success,2264,74,72,10,4,1,css_banner,SOUHLASÍM SE VŠEMI,1,97.3,2026-02-08T14:38:54.974301+00:00,2026-02-08T14:40:22.349247+00:00
justice.cz,government,35,ignore,success,18457,74,72,5,0,0,,,0,97.3,2026-02-08T14:17:20.255706+00:00,2026-02-08T14:17:48.767453+00:00
justice.cz,government,35,ignore,success,3387,74,72,5,0,0,,,0,97.3,2026-02-08T14:38:53.594407+00:00,2026-02-08T14:39:20.002988+00:00
justice.cz,government,35,reject,success,11066,74,72,10,4,1,custom,ODMÍTNOUT VŠECHNY,1,97.3,2026-02-08T14:17:26.101734+00:00,2026-02-08T14:17:50.283572+00:00
justice.cz,government,35,reject,success,3668,74,72,10,4,1,css_banner,ODMÍTNOUT VŠECHNY,1,97.3,2026-02-08T14:38:55.120161+00:00,2026-02-08T14:40:23.893927+00:00
mvcr.cz,government,36,accept,success,1147,58,57,3,2,0,,,0,98.3,2026-02-08T14:17:33.496399+00:00,2026-02-08T14:17:44.730114+00:00
mvcr.cz,government,36,accept,success,1014,116,115,6,2,1,css_banner,SOUHLASÍM SE VŠEMI,1,99.1,2026-02-08T14:39:02.234200+00:00,2026-02-08T14:40:28.589507+00:00
mvcr.cz,government,36,ignore,success,9775,58,57,3,2,0,,,0,98.3,2026-02-08T14:17:26.737320+00:00,2026-02-08T14:17:46.528012+00:00
mvcr.cz,government,36,ignore,success,2207,58,57,3,2,0,,,0,98.3,2026-02-08T14:38:55.275808+00:00,2026-02-08T14:39:20.501582+00:00
mvcr.cz,government,36,reject,success,4428,115,114,6,2,1,custom,ODMÍTNOUT VŠECHNY,1,99.1,2026-02-08T14:17:38.058220+00:00,2026-02-08T14:17:55.852314+00:00
mvcr.cz,government,36,reject,success,983,116,115,6,2,1,css_banner,ODMÍTNOUT VŠECHNY,1,99.1,2026-02-08T14:39:02.235807+00:00,2026-02-08T14:40:28.630958+00:00
mzp.cz,government,37,accept,success,2320,85,84,6,2,1,custom,Přijmout všechny,1,98.8,2026-02-08T14:17:43.365583+00:00,2026-02-08T14:17:58.924261+00:00
mzp.cz,government,37,accept,success,565,85,84,3,2,0,,,0,98.8,2026-02-08T14:39:08.748881+00:00,2026-02-08T14:39:37.102927+00:00
mzp.cz,government,37,ignore,success,1187,83,82,3,2,0,,,0,98.8,2026-02-08T14:17:39.004015+00:00,2026-02-08T14:17:50.208730+00:00
mzp.cz,government,37,ignore,success,646,83,82,3,2,0,,,0,98.8,2026-02-08T14:39:04.018132+00:00,2026-02-08T14:39:27.682521+00:00
mzp.cz,government,37,reject,success,2495,83,82,6,2,1,custom,Odmítnout vše,1,98.8,2026-02-08T14:17:43.712495+00:00,2026-02-08T14:17:59.345056+00:00
mzp.cz,government,37,reject,success,882,86,85,3,2,0,,,0,98.8,2026-02-08T14:39:10.166259+00:00,2026-02-08T14:39:38.775732+00:00
mojedatovaschranka.cz,government,39,accept,success,17915,55,6,0,0,0,,,0,10.9,2026-02-08T14:17:51.139750+00:00,2026-02-08T14:18:19.256641+00:00
mojedatovaschranka.cz,government,39,accept,success,2245,56,7,0,0,0,,,0,12.5,2026-02-08T14:39:21.521285+00:00,2026-02-08T14:39:52.069998+00:00
mojedatovaschranka.cz,government,39,ignore,success,2315,55,6,0,0,0,,,0,10.9,2026-02-08T14:17:51.052492+00:00,2026-02-08T14:18:03.388137+00:00
mojedatovaschranka.cz,government,39,ignore,success,2212,56,7,0,0,0,,,0,12.5,2026-02-08T14:39:21.013618+00:00,2026-02-08T14:39:47.004428+00:00
mojedatovaschranka.cz,government,39,reject,success,3318,55,6,0,0,0,,,0,10.9,2026-02-08T14:17:51.220450+00:00,2026-02-08T14:18:04.832157+00:00
mojedatovaschranka.cz,government,39,reject,success,1919,56,7,0,0,0,,,0,12.5,2026-02-08T14:39:22.460032+00:00,2026-02-08T14:39:52.562318+00:00
financnisprava.cz,government,40,accept,success,6317,23,22,2,0,1,cookiebot,,0,95.7,2026-02-08T14:17:52.607937+00:00,2026-02-08T14:18:11.978146+00:00
financnisprava.cz,government,40,accept,success,692,35,34,5,2,1,cookiebot,Povolit vše,1,97.1,2026-02-08T14:39:25.238549+00:00,2026-02-08T14:40:51.650421+00:00
financnisprava.cz,government,40,ignore,success,1743,23,22,2,0,0,,,0,95.7,2026-02-08T14:17:51.292388+00:00,2026-02-08T14:18:03.067910+00:00
financnisprava.cz,government,40,ignore,success,2241,31,30,2,0,0,,,0,96.8,2026-02-08T14:39:23.726380+00:00,2026-02-08T14:39:50.013182+00:00
financnisprava.cz,government,40,reject,success,889,32,31,3,0,1,cookiebot,Odmítnout,1,96.9,2026-02-08T14:17:53.528133+00:00,2026-02-08T14:18:07.519021+00:00
financnisprava.cz,government,40,reject,success,1003,33,32,3,0,1,cookiebot,Odmítnout,1,97.0,2026-02-08T14:39:26.478594+00:00,2026-02-08T14:40:53.567154+00:00
csob.cz,finance,41,accept,success,26562,281,51,23,6,1,onetrust,Souhlasím,1,18.1,2026-02-08T14:17:54.577836+00:00,2026-02-08T14:18:34.215500+00:00
csob.cz,finance,41,accept,success,1619,294,52,22,6,1,onetrust,Souhlasím,1,17.7,2026-02-08T14:39:38.114527+00:00,2026-02-08T14:41:04.802238+00:00
csob.cz,finance,41,ignore,success,7857,252,31,12,1,0,,,0,12.3,2026-02-08T14:17:53.768361+00:00,2026-02-08T14:18:11.642830+00:00
csob.cz,finance,41,ignore,success,3763,255,31,12,1,0,,,0,12.2,2026-02-08T14:39:28.694727+00:00,2026-02-08T14:39:55.477871+00:00
csob.cz,finance,41,reject,success,18586,256,33,13,1,1,onetrust,Použít jen technické cookies,1,12.9,2026-02-08T14:17:54.967123+00:00,2026-02-08T14:18:26.640747+00:00
csob.cz,finance,41,reject,success,2831,272,34,12,1,1,onetrust,Použít jen technické cookies,1,12.5,2026-02-08T14:39:39.788315+00:00,2026-02-08T14:41:07.695790+00:00
kb.cz,finance,42,accept,success,28233,115,72,38,18,1,custom,Souhlasím,1,62.6,2026-02-08T14:17:56.873136+00:00,2026-02-08T14:18:38.230821+00:00
kb.cz,finance,42,accept,success,770,120,77,35,16,1,css_banner,Souhlasím,1,64.2,2026-02-08T14:39:51.021478+00:00,2026-02-08T14:41:16.987934+00:00
kb.cz,finance,42,ignore,success,41536,46,11,12,0,0,,,0,23.9,2026-02-08T14:18:41.961717+00:00,2026-02-08T14:19:33.560965+00:00
kb.cz,finance,42,ignore,success,850,52,11,12,0,0,,,0,21.2,2026-02-08T14:39:48.012157+00:00,2026-02-08T14:40:11.882589+00:00
kb.cz,finance,42,reject,success,24448,48,10,13,0,1,custom,Jen nezbytné,1,20.8,2026-02-08T14:17:59.943295+00:00,2026-02-08T14:18:37.549246+00:00
kb.cz,finance,42,reject,success,741,55,11,13,0,1,css_banner,Jen nezbytné,1,20.0,2026-02-08T14:39:53.078772+00:00,2026-02-08T14:41:19.075801+00:00
csas.cz,finance,43,accept,success,22064,147,111,33,6,1,custom,Souhlasím a pokračovat,1,75.5,2026-02-08T14:18:04.077856+00:00,2026-02-08T14:18:39.401552+00:00
csas.cz,finance,43,accept,success,1135,158,117,35,6,1,css_banner,Souhlasím a pokračovat,1,74.1,2026-02-08T14:39:56.508915+00:00,2026-02-08T14:41:22.971471+00:00
csas.cz,finance,43,ignore,success,23550,119,90,18,0,0,,,0,75.6,2026-02-08T14:18:00.365854+00:00,2026-02-08T14:18:33.934694+00:00
csas.cz,finance,43,ignore,success,924,127,95,21,0,0,,,0,74.8,2026-02-08T14:39:53.573820+00:00,2026-02-08T14:40:17.512655+00:00
csas.cz,finance,43,reject,success,14256,122,91,20,0,1,custom,Použít jen nezbytné cookies,1,74.6,2026-02-08T14:18:04.398102+00:00,2026-02-08T14:18:31.966913+00:00
csas.cz,finance,43,reject,success,3039,134,97,22,0,1,css_banner,Použít jen nezbytné cookies,1,72.4,2026-02-08T14:39:58.673508+00:00,2026-02-08T14:41:27.148555+00:00
fio.cz,finance,44,accept,success,9743,50,7,7,4,1,custom,Souhlasím,1,14.0,2026-02-08T14:18:05.846018+00:00,2026-02-08T14:18:28.694981+00:00
fio.cz,finance,44,accept,success,1108,43,1,2,0,0,,,0,2.3,2026-02-08T14:40:10.394560+00:00,2026-02-08T14:40:37.992057+00:00
fio.cz,finance,44,ignore,success,11018,43,1,2,0,0,,,0,2.3,2026-02-08T14:18:04.574921+00:00,2026-02-08T14:18:25.610881+00:00
fio.cz,finance,44,ignore,success,2051,43,1,2,0,0,,,0,2.3,2026-02-08T14:40:01.337485+00:00,2026-02-08T14:40:26.406327+00:00
fio.cz,finance,44,reject,success,9066,43,1,2,0,0,,,0,2.3,2026-02-08T14:18:08.528101+00:00,2026-02-08T14:18:27.717965+00:00
fio.cz,finance,44,reject,success,940,43,1,2,0,0,,,0,2.3,2026-02-08T14:40:12.892992+00:00,2026-02-08T14:40:40.331839+00:00
airbank.cz,finance,46,accept,success,828,122,95,24,18,1,onetrust,POVOLIT VŠE,1,77.9,2026-02-08T14:40:27.442913+00:00,2026-02-08T14:41:53.345031+00:00
airbank.cz,finance,46,ignore,success,31813,65,47,1,0,0,,,0,72.3,2026-02-08T14:19:12.691179+00:00,2026-02-08T14:19:54.521804+00:00
airbank.cz,finance,46,ignore,success,1007,72,51,1,0,0,,,0,70.8,2026-02-08T14:40:26.557001+00:00,2026-02-08T14:40:50.583137+00:00
airbank.cz,finance,46,reject,success,977,76,52,2,0,1,onetrust,ODMÍTNOUT VŠE,1,68.4,2026-02-08T14:40:29.607126+00:00,2026-02-08T14:41:55.659566+00:00
rb.cz,finance,47,accept,success,13662,62,1,12,0,1,custom,Nastavení cookies,1,1.6,2026-02-08T14:18:29.895985+00:00,2026-02-08T14:18:56.773050+00:00
rb.cz,finance,47,accept,success,6917,106,36,23,9,1,text_match,Souhlasím a pokračovat,1,34.0,2026-02-08T14:40:31.231888+00:00,2026-02-08T14:42:03.561520+00:00
rb.cz,finance,47,ignore,success,8036,62,1,12,0,0,,,0,1.6,2026-02-08T14:18:29.705369+00:00,2026-02-08T14:18:47.762582+00:00
rb.cz,finance,47,ignore,success,714,62,1,12,0,0,,,0,1.6,2026-02-08T14:40:29.665640+00:00,2026-02-08T14:40:53.402696+00:00
rb.cz,finance,47,reject,success,20526,69,1,13,0,1,custom,Jen nezbytné cookies,1,1.4,2026-02-08T14:18:32.978754+00:00,2026-02-08T14:19:07.437439+00:00
rb.cz,finance,47,reject,success,3879,71,1,13,0,1,text_match,Jen nezbytné cookies,1,1.4,2026-02-08T14:40:32.985033+00:00,2026-02-08T14:42:03.313565+00:00
equabank.cz,finance,48,accept,success,27080,122,121,23,9,1,custom,Souhlasím a pokračovat,1,99.2,2026-02-08T14:18:34.670191+00:00,2026-02-08T14:19:14.893215+00:00
equabank.cz,finance,48,accept,success,3507,107,106,23,9,1,text_match,Souhlasím a pokračovat,1,99.1,2026-02-08T14:40:41.352072+00:00,2026-02-08T14:42:10.222881+00:00
equabank.cz,finance,48,ignore,success,11096,63,62,12,0,0,,,0,98.4,2026-02-08T14:18:33.990657+00:00,2026-02-08T14:18:55.104742+00:00
equabank.cz,finance,48,ignore,success,2114,63,62,12,0,0,,,0,98.4,2026-02-08T14:40:39.000631+00:00,2026-02-08T14:41:04.147086+00:00
equabank.cz,finance,48,reject,success,19311,70,69,13,0,1,custom,Jen nezbytné cookies,1,98.6,2026-02-08T14:18:34.949836+00:00,2026-02-08T14:19:07.647531+00:00
equabank.cz,finance,48,reject,success,893,72,71,13,0,1,text_match,Jen nezbytné cookies,1,98.6,2026-02-08T14:40:51.595285+00:00,2026-02-08T14:42:18.803652+00:00
cuni.cz,education,49,accept,success,26620,93,38,6,5,0,,,0,40.9,2026-02-08T14:18:38.568377+00:00,2026-02-08T14:19:15.490081+00:00
cuni.cz,education,49,accept,success,6143,97,42,8,5,1,ok_fallback,OK,1,43.3,2026-02-08T14:40:54.412203+00:00,2026-02-08T14:42:29.215196+00:00
cuni.cz,education,49,ignore,success,23088,95,40,6,5,0,,,0,42.1,2026-02-08T14:18:35.261156+00:00,2026-02-08T14:19:08.367571+00:00
cuni.cz,education,49,ignore,success,865,95,40,5,4,0,,,0,42.1,2026-02-08T14:40:52.659858+00:00,2026-02-08T14:41:16.545566+00:00
cuni.cz,education,49,reject,success,28926,93,38,6,5,0,,,0,40.9,2026-02-08T14:18:39.272828+00:00,2026-02-08T14:19:18.381926+00:00
cuni.cz,education,49,reject,success,3858,95,40,6,5,0,,,0,42.1,2026-02-08T14:40:54.579249+00:00,2026-02-08T14:41:26.834016+00:00
cvut.cz,education,50,accept,success,2193,142,13,4,3,1,custom,Povolit všechny,1,9.2,2026-02-08T14:18:48.775426+00:00,2026-02-08T14:19:06.379103+00:00
cvut.cz,education,50,accept,success,961,142,13,4,3,1,text_match,Povolit všechny,1,9.2,2026-02-08T14:41:05.852517+00:00,2026-02-08T14:42:33.134662+00:00
cvut.cz,education,50,ignore,success,3728,70,5,1,0,0,,,0,7.1,2026-02-08T14:18:40.502964+00:00,2026-02-08T14:18:54.245343+00:00
cvut.cz,education,50,ignore,success,2243,70,5,1,0,0,,,0,7.1,2026-02-08T14:41:05.178020+00:00,2026-02-08T14:41:30.440743+00:00
cvut.cz,education,50,reject,success,10078,70,5,1,0,0,,,0,7.1,2026-02-08T14:18:55.254184+00:00,2026-02-08T14:19:15.519750+00:00
cvut.cz,education,50,reject,success,3933,70,5,1,0,0,,,0,7.1,2026-02-08T14:41:08.723351+00:00,2026-02-08T14:41:39.378389+00:00
muni.cz,education,51,accept,success,2201,40,15,0,0,0,,,0,37.5,2026-02-08T14:18:57.781224+00:00,2026-02-08T14:19:10.147859+00:00
muni.cz,education,51,accept,success,2695,43,16,0,0,0,,,0,37.2,2026-02-08T14:41:18.009533+00:00,2026-02-08T14:41:47.933746+00:00
muni.cz,education,51,ignore,success,12718,41,17,0,0,0,,,0,41.5,2026-02-08T14:18:56.112915+00:00,2026-02-08T14:19:18.874047+00:00
muni.cz,education,51,ignore,success,3097,43,16,0,0,0,,,0,37.2,2026-02-08T14:41:17.562101+00:00,2026-02-08T14:41:43.674986+00:00
muni.cz,education,51,reject,success,18259,42,17,0,0,0,,,0,40.5,2026-02-08T14:19:07.406486+00:00,2026-02-08T14:19:35.808449+00:00
muni.cz,education,51,reject,success,2921,43,16,0,0,0,,,0,37.2,2026-02-08T14:41:20.087605+00:00,2026-02-08T14:41:50.265180+00:00
vutbr.cz,education,52,accept,success,7481,63,62,9,4,1,custom,POVOLIT VŠE,1,98.4,2026-02-08T14:19:08.656190+00:00,2026-02-08T14:19:29.329550+00:00
vutbr.cz,education,52,accept,success,697,53,52,5,0,0,,,0,98.1,2026-02-08T14:41:27.847680+00:00,2026-02-08T14:41:56.933256+00:00
vutbr.cz,education,52,ignore,success,5309,53,52,4,0,0,,,0,98.1,2026-02-08T14:19:08.449264+00:00,2026-02-08T14:19:23.773987+00:00
vutbr.cz,education,52,ignore,success,761,53,52,5,0,0,,,0,98.1,2026-02-08T14:41:23.994815+00:00,2026-02-08T14:41:47.770525+00:00
vutbr.cz,education,52,reject,success,10024,55,54,6,0,1,custom,Povolit pouze nezbytné,1,98.2,2026-02-08T14:19:09.379442+00:00,2026-02-08T14:19:32.572330+00:00
vutbr.cz,education,52,reject,success,701,53,52,5,0,0,,,0,98.1,2026-02-08T14:41:28.166083+00:00,2026-02-08T14:41:57.040671+00:00
vscht.cz,education,53,accept,success,6094,60,25,9,5,0,,,0,41.7,2026-02-08T14:19:15.911440+00:00,2026-02-08T14:19:32.150391+00:00
vscht.cz,education,53,accept,success,1450,85,33,9,5,0,,,0,38.8,2026-02-08T14:41:40.386491+00:00,2026-02-08T14:42:09.529846+00:00
vscht.cz,education,53,ignore,success,6437,61,26,9,5,0,,,0,42.6,2026-02-08T14:19:11.154769+00:00,2026-02-08T14:19:27.618183+00:00
vscht.cz,education,53,ignore,success,1373,85,33,9,5,0,,,0,38.8,2026-02-08T14:41:31.449883+00:00,2026-02-08T14:41:55.844451+00:00
vscht.cz,education,53,reject,success,5305,60,25,9,5,0,,,0,41.7,2026-02-08T14:19:16.502398+00:00,2026-02-08T14:19:31.938498+00:00
vscht.cz,education,53,reject,success,1353,85,33,9,5,0,,,0,38.8,2026-02-08T14:41:44.683502+00:00,2026-02-08T14:42:13.493614+00:00
upol.cz,education,54,accept,success,13464,86,22,0,0,0,,,0,25.6,2026-02-08T14:19:19.394865+00:00,2026-02-08T14:19:43.402818+00:00
upol.cz,education,54,accept,success,854,86,22,0,0,0,,,0,25.6,2026-02-08T14:41:48.944525+00:00,2026-02-08T14:42:17.637969+00:00
upol.cz,education,54,ignore,success,11271,84,20,0,0,0,,,0,23.8,2026-02-08T14:19:16.527049+00:00,2026-02-08T14:19:37.816030+00:00
upol.cz,education,54,ignore,success,2232,85,21,0,0,0,,,0,24.7,2026-02-08T14:41:48.782660+00:00,2026-02-08T14:42:14.044273+00:00
upol.cz,education,54,reject,success,7805,85,21,0,0,0,,,0,24.7,2026-02-08T14:19:19.883439+00:00,2026-02-08T14:19:38.173364+00:00
upol.cz,education,54,reject,success,1927,86,22,0,0,0,,,0,25.6,2026-02-08T14:41:51.277032+00:00,2026-02-08T14:42:20.806553+00:00
msmt.cz,education,55,accept,success,2314,168,167,7,0,1,text_match,Souhlasím,1,99.4,2026-02-08T14:41:56.672502+00:00,2026-02-08T14:43:24.272409+00:00
msmt.cz,education,55,ignore,success,1119,168,167,5,0,0,,,0,99.4,2026-02-08T14:41:54.410937+00:00,2026-02-08T14:42:18.561726+00:00
msmt.cz,education,55,reject,success,16033,168,167,5,0,0,,,0,99.4,2026-02-08T14:41:56.862471+00:00,2026-02-08T14:42:41.064063+00:00
csfd.cz,entertainment,56,accept,success,7754,349,344,10,6,0,,,0,98.6,2026-02-08T14:19:33.172216+00:00,2026-02-08T14:19:51.666562+00:00
csfd.cz,entertainment,56,accept,success,3328,432,427,13,6,0,,,0,98.8,2026-02-08T14:41:58.051466+00:00,2026-02-08T14:42:31.444826+00:00
csfd.cz,entertainment,56,ignore,success,10279,361,356,12,6,0,,,0,98.6,2026-02-08T14:19:32.951794+00:00,2026-02-08T14:19:53.251231+00:00
csfd.cz,entertainment,56,ignore,success,2007,448,444,13,6,0,,,0,99.1,2026-02-08T14:41:57.944500+00:00,2026-02-08T14:42:22.967338+00:00
csfd.cz,entertainment,56,reject,success,8784,367,362,11,6,0,,,0,98.6,2026-02-08T14:19:33.584860+00:00,2026-02-08T14:19:52.850810+00:00
csfd.cz,entertainment,56,reject,success,3208,443,438,14,6,0,,,0,98.9,2026-02-08T14:42:04.324810+00:00,2026-02-08T14:42:37.745891+00:00
stream.cz,entertainment,57,accept,success,840,49,43,7,2,0,,,0,87.8,2026-02-08T14:19:36.830355+00:00,2026-02-08T14:19:47.878369+00:00
stream.cz,entertainment,57,accept,success,1118,143,126,12,2,0,,,0,88.1,2026-02-08T14:42:10.544387+00:00,2026-02-08T14:42:40.443603+00:00
stream.cz,entertainment,57,ignore,success,1253,71,60,9,2,0,,,0,84.5,2026-02-08T14:19:34.574654+00:00,2026-02-08T14:19:45.878176+00:00
stream.cz,entertainment,57,ignore,success,2000,141,123,12,2,0,,,0,87.2,2026-02-08T14:42:04.571077+00:00,2026-02-08T14:42:29.597318+00:00
stream.cz,entertainment,57,reject,success,3558,102,91,9,2,0,,,0,89.2,2026-02-08T14:19:38.824916+00:00,2026-02-08T14:19:52.541421+00:00
stream.cz,entertainment,57,reject,success,925,143,126,12,2,0,,,0,88.1,2026-02-08T14:42:11.244173+00:00,2026-02-08T14:42:40.645656+00:00
karaoketexty.cz,entertainment,58,accept,success,6320,138,107,20,13,0,,,0,77.5,2026-02-08T14:19:44.418277+00:00,2026-02-08T14:20:01.756985+00:00
karaoketexty.cz,entertainment,58,accept,success,14263,135,104,20,13,0,,,0,77.0,2026-02-08T14:42:15.116923+00:00,2026-02-08T14:43:02.777465+00:00
karaoketexty.cz,entertainment,58,ignore,success,8569,133,102,21,13,0,,,0,76.7,2026-02-08T14:19:39.184368+00:00,2026-02-08T14:19:57.775324+00:00
karaoketexty.cz,entertainment,58,ignore,success,3116,139,108,21,13,0,,,0,77.7,2026-02-08T14:42:14.514442+00:00,2026-02-08T14:42:40.690683+00:00
karaoketexty.cz,entertainment,58,reject,success,10439,128,97,21,13,0,,,0,75.8,2026-02-08T14:19:46.888112+00:00,2026-02-08T14:20:08.022997+00:00
karaoketexty.cz,entertainment,58,reject,success,8826,77,46,18,11,0,,,0,59.7,2026-02-08T14:42:18.668267+00:00,2026-02-08T14:42:59.565891+00:00
prima.cz,entertainment,59,accept,success,7044,252,251,11,3,0,,,0,99.6,2026-02-08T14:19:52.702083+00:00,2026-02-08T14:20:10.007244+00:00
prima.cz,entertainment,59,accept,success,10071,351,350,32,11,0,,,0,99.7,2026-02-08T14:42:19.829685+00:00,2026-02-08T14:43:01.733244+00:00
prima.cz,entertainment,59,ignore,success,8343,191,190,3,0,0,,,0,99.5,2026-02-08T14:19:48.925794+00:00,2026-02-08T14:20:07.314320+00:00
prima.cz,entertainment,59,ignore,success,5928,381,380,32,11,0,,,0,99.7,2026-02-08T14:42:19.590018+00:00,2026-02-08T14:42:48.586598+00:00
prima.cz,entertainment,59,reject,success,4295,249,248,2,0,0,,,0,99.6,2026-02-08T14:19:53.556791+00:00,2026-02-08T14:20:08.035944+00:00
prima.cz,entertainment,59,reject,success,12911,403,402,33,11,0,,,0,99.8,2026-02-08T14:42:21.815875+00:00,2026-02-08T14:43:04.767888+00:00
ceskatelevize.cz,entertainment,60,accept,success,12724,117,20,7,5,0,,,0,17.1,2026-02-08T14:19:54.281152+00:00,2026-02-08T14:20:17.207727+00:00
ceskatelevize.cz,entertainment,60,accept,success,11274,129,28,12,9,0,,,0,21.7,2026-02-08T14:42:30.230371+00:00,2026-02-08T14:43:09.232003+00:00
ceskatelevize.cz,entertainment,60,ignore,success,17105,125,24,7,5,0,,,0,19.2,2026-02-08T14:19:53.883145+00:00,2026-02-08T14:20:21.006242+00:00
ceskatelevize.cz,entertainment,60,ignore,success,7792,124,27,12,9,0,,,0,21.8,2026-02-08T14:42:24.033366+00:00,2026-02-08T14:42:54.850548+00:00
ceskatelevize.cz,entertainment,60,reject,success,11248,122,25,7,5,0,,,0,20.5,2026-02-08T14:19:55.539456+00:00,2026-02-08T14:20:16.888733+00:00
ceskatelevize.cz,entertainment,60,reject,success,11225,129,28,12,9,0,,,0,21.7,2026-02-08T14:42:30.618675+00:00,2026-02-08T14:43:09.498868+00:00
o2.cz,telecom,61,accept,success,37893,140,72,38,12,1,text_match,Povolit vše,1,51.4,2026-02-08T14:42:34.149015+00:00,2026-02-08T14:44:38.816672+00:00
o2.cz,telecom,61,ignore,success,29079,73,5,28,2,0,,,0,6.8,2026-02-08T14:44:06.704506+00:00,2026-02-08T14:44:58.805154+00:00
o2.cz,telecom,61,reject,success,34469,72,6,26,2,0,,,0,8.3,2026-02-08T14:42:38.869951+00:00,2026-02-08T14:43:44.627765+00:00
t-mobile.cz,telecom,62,accept,success,40399,141,18,6,0,0,,,0,12.8,2026-02-08T14:42:41.672862+00:00,2026-02-08T14:43:55.188686+00:00
t-mobile.cz,telecom,62,ignore,success,39314,154,18,7,0,0,,,0,11.7,2026-02-08T14:44:15.690346+00:00,2026-02-08T14:45:18.021528+00:00
t-mobile.cz,telecom,62,reject,success,36555,307,36,10,0,1,iframe_text,Pouze nezbytné,1,11.7,2026-02-08T14:44:15.879567+00:00,2026-02-08T14:46:21.654823+00:00
vodafone.cz,telecom,63,accept,success,24075,53,5,16,0,0,,,0,9.4,2026-02-08T14:42:49.643495+00:00,2026-02-08T14:43:44.975095+00:00
vodafone.cz,telecom,63,ignore,success,21219,41,3,13,0,0,,,0,7.3,2026-02-08T14:42:42.084999+00:00,2026-02-08T14:43:26.518455+00:00
vodafone.cz,telecom,63,reject,success,9184,53,5,16,0,0,,,0,9.4,2026-02-08T14:42:55.866661+00:00,2026-02-08T14:43:33.397570+00:00
ulekare.cz,health,64,accept,success,21262,156,94,25,14,1,text_match,Souhlasím,1,60.3,2026-02-08T14:43:02.785204+00:00,2026-02-08T14:44:51.446136+00:00
ulekare.cz,health,64,ignore,success,30613,118,60,12,7,0,,,0,50.8,2026-02-08T14:43:00.578558+00:00,2026-02-08T14:43:54.248745+00:00
ulekare.cz,health,64,reject,success,23676,119,60,12,7,0,,,0,50.4,2026-02-08T14:43:03.795087+00:00,2026-02-08T14:43:55.923508+00:00
lekarna.cz,health,65,accept,success,2699,210,184,24,14,1,text_match,Souhlasím,1,87.6,2026-02-08T14:43:10.248757+00:00,2026-02-08T14:44:39.369127+00:00
lekarna.cz,health,65,ignore,success,1393,152,139,5,0,0,,,0,91.4,2026-02-08T14:43:05.817613+00:00,2026-02-08T14:43:30.251740+00:00
lekarna.cz,health,65,reject,success,3031,158,141,5,0,0,,,0,89.2,2026-02-08T14:43:10.516325+00:00,2026-02-08T14:43:50.617638+00:00
drmax.cz,health,66,accept,success,1081,28,23,3,0,0,,,0,82.1,2026-02-08T14:43:27.600265+00:00,2026-02-08T14:43:54.509640+00:00
drmax.cz,health,66,ignore,success,676,19,14,3,0,0,,,0,73.7,2026-02-08T14:43:25.295606+00:00,2026-02-08T14:43:49.050507+00:00
drmax.cz,health,66,reject,success,1708,19,14,3,0,0,,,0,73.7,2026-02-08T14:43:31.346952+00:00,2026-02-08T14:43:58.434733+00:00
uzis.cz,health,67,accept,success,1339,1,0,0,0,0,,,0,0.0,2026-02-08T14:43:45.725988+00:00,2026-02-08T14:44:12.236263+00:00
uzis.cz,health,67,ignore,success,356,1,0,0,0,0,,,0,0.0,2026-02-08T14:43:34.454721+00:00,2026-02-08T14:43:57.837211+00:00
uzis.cz,health,67,reject,success,1536,1,0,0,0,0,,,0,0.0,2026-02-08T14:43:46.086004+00:00,2026-02-08T14:44:12.815902+00:00
vzp.cz,health,68,accept,success,3841,54,53,2,0,0,,,0,98.1,2026-02-08T14:43:51.642017+00:00,2026-02-08T14:44:22.787792+00:00
vzp.cz,health,68,ignore,success,11588,53,52,2,0,0,,,0,98.1,2026-02-08T14:43:50.095806+00:00,2026-02-08T14:44:24.711415+00:00
vzp.cz,health,68,reject,success,2314,51,50,2,0,0,,,0,98.0,2026-02-08T14:43:55.274567+00:00,2026-02-08T14:44:25.024579+00:00
facebook.com,social,69,accept,success,2543,70,59,0,0,0,,,0,84.3,2026-02-08T14:43:56.209326+00:00,2026-02-08T14:44:26.048107+00:00
facebook.com,social,69,ignore,success,1853,70,59,0,0,0,,,0,84.3,2026-02-08T14:43:55.522556+00:00,2026-02-08T14:44:20.400626+00:00
facebook.com,social,69,reject,success,1872,70,59,0,0,0,,,0,84.3,2026-02-08T14:43:56.938882+00:00,2026-02-08T14:44:26.020009+00:00
youtube.com,social,70,accept,success,11162,195,135,9,9,1,text_match,Přijmout vše,1,69.2,2026-02-08T14:43:59.447070+00:00,2026-02-08T14:45:36.139001+00:00
youtube.com,social,70,ignore,success,15583,141,111,5,5,0,,,0,78.7,2026-02-08T14:43:58.845123+00:00,2026-02-08T14:44:37.449758+00:00
youtube.com,social,70,reject,success,7003,150,117,6,6,1,text_match,Odmítnout vše,1,78.0,2026-02-08T14:44:13.246188+00:00,2026-02-08T14:45:45.708149+00:00
instagram.com,social,71,accept,success,4107,45,31,5,5,1,text_match,Povolit všechny soubory cookie,1,68.9,2026-02-08T14:44:21.419619+00:00,2026-02-08T14:45:51.420502+00:00
instagram.com,social,71,ignore,success,2479,41,31,1,1,0,,,0,75.6,2026-02-08T14:44:13.825306+00:00,2026-02-08T14:44:39.324874+00:00
instagram.com,social,71,reject,success,7774,45,31,4,4,1,text_match,Odmítnout volitelné soubory cookie,1,68.9,2026-02-08T14:44:23.803962+00:00,2026-02-08T14:45:57.009333+00:00
twitter.com,social,72,accept,success,26357,76,74,11,2,1,text_match,Accept all cookies,1,97.4,2026-02-08T14:44:26.032761+00:00,2026-02-08T14:46:17.854233+00:00
twitter.com,social,72,ignore,success,27961,78,76,7,2,0,,,0,97.4,2026-02-08T14:44:25.719286+00:00,2026-02-08T14:45:16.707085+00:00
twitter.com,social,72,reject,success,27147,77,75,7,2,0,,,0,97.4,2026-02-08T14:44:27.029789+00:00,2026-02-08T14:45:20.354826+00:00
linkedin.com,social,73,accept,success,532,65,39,11,8,0,,,0,60.0,2026-02-08T14:44:38.469449+00:00,2026-02-08T14:45:06.559209+00:00
linkedin.com,social,73,ignore,success,559,55,35,11,8,0,,,0,63.6,2026-02-08T14:44:27.057559+00:00,2026-02-08T14:44:50.706938+00:00
linkedin.com,social,73,reject,success,456,98,39,11,8,1,text_match,Odmítnout,1,39.8,2026-02-08T14:44:39.846655+00:00,2026-02-08T14:46:05.690850+00:00
reddit.com,social,74,accept,success,6089,1,0,2,0,0,,,0,0.0,2026-02-08T14:44:40.396662+00:00,2026-02-08T14:45:11.621056+00:00
reddit.com,social,74,ignore,success,5711,1,0,2,0,0,,,0,0.0,2026-02-08T14:44:40.336362+00:00,2026-02-08T14:45:09.071106+00:00
reddit.com,social,74,reject,success,745,1,0,2,0,0,,,0,0.0,2026-02-08T14:44:51.717398+00:00,2026-02-08T14:45:17.707438+00:00
wikipedia.org,other,75,accept,success,1722,9,0,5,0,0,,,0,0.0,2026-02-08T14:44:59.829404+00:00,2026-02-08T14:45:28.080632+00:00
wikipedia.org,other,75,ignore,success,2359,9,0,5,0,0,,,0,0.0,2026-02-08T14:44:52.477630+00:00,2026-02-08T14:45:17.855025+00:00
wikipedia.org,other,75,reject,success,2314,10,1,6,0,0,,,0,10.0,2026-02-08T14:45:07.570952+00:00,2026-02-08T14:45:36.555322+00:00
mapy.cz,other,76,accept,success,989,166,111,18,4,1,text_match,Souhlasím,1,66.9,2026-02-08T14:45:12.628606+00:00,2026-02-08T14:46:39.018678+00:00
mapy.cz,other,76,ignore,success,967,152,97,14,2,0,,,0,63.8,2026-02-08T14:45:10.080481+00:00,2026-02-08T14:45:34.088861+00:00
mapy.cz,other,76,reject,success,1051,160,105,16,4,1,text_match,Odmítnout,1,65.6,2026-02-08T14:45:17.717206+00:00,2026-02-08T14:46:44.144417+00:00
firmy.cz,other,77,accept,success,1254,146,110,11,2,0,,,0,75.3,2026-02-08T14:45:18.863379+00:00,2026-02-08T14:45:47.659760+00:00
firmy.cz,other,77,ignore,success,1161,144,108,11,2,0,,,0,75.0,2026-02-08T14:45:18.767180+00:00,2026-02-08T14:45:42.947955+00:00
firmy.cz,other,77,reject,success,1213,143,106,11,2,0,,,0,74.1,2026-02-08T14:45:19.035700+00:00,2026-02-08T14:45:47.458584+00:00
sreality.cz,other,78,accept,success,4662,235,116,12,4,0,,,0,49.4,2026-02-08T14:45:29.088671+00:00,2026-02-08T14:46:01.434330+00:00
sreality.cz,other,78,ignore,success,6931,237,119,12,4,0,,,0,50.2,2026-02-08T14:45:21.371711+00:00,2026-02-08T14:45:51.320228+00:00
sreality.cz,other,78,reject,success,3505,230,111,12,4,0,,,0,48.3,2026-02-08T14:45:35.136715+00:00,2026-02-08T14:46:06.522017+00:00
bezrealitky.cz,other,79,accept,success,3159,69,33,8,1,0,,,0,47.8,2026-02-08T14:45:37.565237+00:00,2026-02-08T14:46:08.921983+00:00
bezrealitky.cz,other,79,ignore,success,5817,68,32,8,1,0,,,0,47.1,2026-02-08T14:45:37.163522+00:00,2026-02-08T14:46:05.999290+00:00
bezrealitky.cz,other,79,reject,success,5149,69,33,8,1,0,,,0,47.8,2026-02-08T14:45:43.974189+00:00,2026-02-08T14:46:15.782723+00:00
jobs.cz,other,80,accept,success,5565,86,74,2,0,0,,,0,86.0,2026-02-08T14:45:48.478388+00:00,2026-02-08T14:46:21.630632+00:00
jobs.cz,other,80,ignore,success,2383,86,74,2,0,0,,,0,86.0,2026-02-08T14:45:46.735714+00:00,2026-02-08T14:46:12.138432+00:00
jobs.cz,other,80,reject,success,3106,86,74,2,0,0,,,0,86.0,2026-02-08T14:45:48.682987+00:00,2026-02-08T14:46:19.030568+00:00
prace.cz,other,81,accept,success,3975,55,52,4,0,0,,,0,94.5,2026-02-08T14:45:52.427631+00:00,2026-02-08T14:46:23.369726+00:00
prace.cz,other,81,ignore,success,5211,55,52,4,0,0,,,0,94.5,2026-02-08T14:45:52.354469+00:00,2026-02-08T14:46:20.582218+00:00
prace.cz,other,81,reject,success,1270,55,52,4,0,0,,,0,94.5,2026-02-08T14:45:58.039385+00:00,2026-02-08T14:46:25.949852+00:00
sauto.cz,other,83,accept,success,985,108,59,11,2,0,,,0,54.6,2026-02-08T14:46:09.824938+00:00,2026-02-08T14:46:38.344951+00:00
sauto.cz,other,83,ignore,success,952,108,59,11,2,0,,,0,54.6,2026-02-08T14:46:07.540803+00:00,2026-02-08T14:46:31.515767+00:00
sauto.cz,other,83,reject,success,1006,108,59,11,2,0,,,0,54.6,2026-02-08T14:46:09.935414+00:00,2026-02-08T14:46:38.312913+00:00
ceska-posta.cz,other,85,accept,success,17035,22,20,3,0,0,,,0,90.9,2026-02-08T14:46:18.865533+00:00,2026-02-08T14:47:01.815815+00:00
ceska-posta.cz,other,85,ignore,success,13137,22,20,3,0,0,,,0,90.9,2026-02-08T14:46:16.817893+00:00,2026-02-08T14:46:52.973752+00:00
ceska-posta.cz,other,85,reject,success,790,22,20,3,0,0,,,0,90.9,2026-02-08T14:46:20.075592+00:00,2026-02-08T14:46:46.398183+00:00
idos.cz,other,87,accept,success,22207,156,143,24,12,0,,,0,91.7,2026-02-08T14:46:26.957485+00:00,2026-02-08T14:47:16.504895+00:00
idos.cz,other,87,ignore,success,22528,163,150,25,12,0,,,0,92.0,2026-02-08T14:46:24.379285+00:00,2026-02-08T14:47:09.934570+00:00
idos.cz,other,87,reject,success,20691,161,148,24,12,0,,,0,91.9,2026-02-08T14:46:28.946934+00:00,2026-02-08T14:47:16.978687+00:00
booking.com,other,88,accept,success,4043,268,211,30,10,1,onetrust,Accept,1,78.7,2026-02-08T14:46:29.980811+00:00,2026-02-08T14:48:00.647939+00:00
booking.com,other,88,ignore,success,4922,194,157,9,0,0,,,0,80.9,2026-02-08T14:46:29.979103+00:00,2026-02-08T14:46:57.916871+00:00
booking.com,other,88,reject,success,4333,197,160,10,0,0,,,0,81.2,2026-02-08T14:46:32.526014+00:00,2026-02-08T14:47:04.784786+00:00
slevomat.cz,ecommerce,89,accept,success,5133,160,44,1,1,0,,,0,27.5,2026-02-08T14:46:39.357115+00:00,2026-02-08T14:47:13.362042+00:00
slevomat.cz,ecommerce,89,ignore,success,4470,160,44,1,1,0,,,0,27.5,2026-02-08T14:46:39.324447+00:00,2026-02-08T14:47:06.815690+00:00
slevomat.cz,ecommerce,89,reject,success,4869,160,44,1,1,0,,,0,27.5,2026-02-08T14:46:40.030398+00:00,2026-02-08T14:47:13.561890+00:00
kurzy.cz,finance,90,accept,success,600,85,79,11,4,0,,,0,92.9,2026-02-08T14:46:47.411841+00:00,2026-02-08T14:47:19.850796+00:00
kurzy.cz,finance,90,ignore,success,795,138,130,12,4,0,,,0,94.2,2026-02-08T14:46:45.156061+00:00,2026-02-08T14:47:08.969457+00:00
kurzy.cz,finance,90,reject,success,1740,84,79,11,4,0,,,0,94.0,2026-02-08T14:46:53.988058+00:00,2026-02-08T14:47:27.422803+00:00
penize.cz,finance,91,accept,success,7302,150,145,27,10,0,,,0,96.7,2026-02-08T14:47:02.828635+00:00,2026-02-08T14:47:39.673256+00:00
penize.cz,finance,91,ignore,success,2850,148,143,31,11,0,,,0,96.6,2026-02-08T14:46:58.935196+00:00,2026-02-08T14:47:24.807891+00:00
penize.cz,finance,91,reject,success,4659,146,141,26,10,0,,,0,96.6,2026-02-08T14:47:05.811171+00:00,2026-02-08T14:47:39.678906+00:00
mesec.cz,finance,92,accept,success,10286,144,125,14,7,0,,,0,86.8,2026-02-08T14:47:09.988933+00:00,2026-02-08T14:47:49.564935+00:00
mesec.cz,finance,92,ignore,success,6333,145,126,14,7,0,,,0,86.9,2026-02-08T14:47:07.833162+00:00,2026-02-08T14:47:37.195951+00:00
mesec.cz,finance,92,reject,success,9287,145,126,14,7,0,,,0,86.9,2026-02-08T14:47:10.963229+00:00,2026-02-08T14:47:49.363323+00:00
podnikatel.cz,other,93,accept,success,11067,113,97,16,8,0,,,0,85.8,2026-02-08T14:47:14.573190+00:00,2026-02-08T14:47:56.163551+00:00
podnikatel.cz,other,93,ignore,success,11571,112,96,15,8,0,,,0,85.7,2026-02-08T14:47:14.372778+00:00,2026-02-08T14:47:48.981363+00:00
podnikatel.cz,other,93,reject,success,11657,111,95,16,8,0,,,0,85.6,2026-02-08T14:47:17.584366+00:00,2026-02-08T14:48:00.898705+00:00
centrum.cz,search,94,accept,success,5971,402,384,20,5,0,,,0,95.5,2026-02-08T14:47:20.863567+00:00,2026-02-08T14:47:56.778596+00:00
centrum.cz,search,94,ignore,success,10689,364,350,20,5,0,,,0,96.2,2026-02-08T14:47:18.030280+00:00,2026-02-08T14:47:51.759679+00:00
centrum.cz,search,94,reject,success,5073,136,125,14,4,0,,,0,91.9,2026-02-08T14:47:25.832533+00:00,2026-02-08T14:48:01.721718+00:00
email.cz,other,95,accept,success,3393,38,37,3,1,0,,,0,97.4,2026-02-08T14:47:38.810140+00:00,2026-02-08T14:48:07.742407+00:00
email.cz,other,95,ignore,success,3198,38,37,3,1,0,,,0,97.4,2026-02-08T14:47:28.440051+00:00,2026-02-08T14:47:56.051669+00:00
email.cz,other,95,reject,success,2801,39,38,3,1,0,,,0,97.4,2026-02-08T14:47:40.816760+00:00,2026-02-08T14:48:09.237636+00:00
super.cz,entertainment,96,accept,success,1629,43,38,7,2,0,,,0,88.4,2026-02-08T14:47:49.991331+00:00,2026-02-08T14:48:18.982073+00:00
super.cz,entertainment,96,ignore,success,2679,150,142,9,4,0,,,0,94.7,2026-02-08T14:47:40.817863+00:00,2026-02-08T14:48:06.516358+00:00
super.cz,entertainment,96,reject,success,2568,43,38,7,2,0,,,0,88.4,2026-02-08T14:47:50.374640+00:00,2026-02-08T14:48:19.986564+00:00
extra.cz,entertainment,97,accept,success,3975,136,68,8,6,0,,,0,50.0,2026-02-08T14:47:52.788682+00:00,2026-02-08T14:48:24.267555+00:00
extra.cz,entertainment,97,ignore,success,2219,134,66,8,6,0,,,0,49.3,2026-02-08T14:47:50.575698+00:00,2026-02-08T14:48:15.826882+00:00
extra.cz,entertainment,97,reject,success,2569,137,69,8,6,0,,,0,50.4,2026-02-08T14:47:57.062165+00:00,2026-02-08T14:48:26.716237+00:00
reflex.cz,news,98,accept,success,22569,128,120,11,5,0,,,0,93.8,2026-02-08T14:47:57.813901+00:00,2026-02-08T14:48:50.480467+00:00
reflex.cz,news,98,ignore,success,38368,127,120,11,5,0,,,0,94.5,2026-02-08T14:47:57.226186+00:00,2026-02-08T14:48:58.611429+00:00
reflex.cz,news,98,reject,success,21057,120,116,11,5,0,,,0,96.7,2026-02-08T14:48:01.671436+00:00,2026-02-08T14:48:53.020045+00:00
respekt.cz,news,99,accept,success,5292,235,50,11,6,1,text_match,Povolit vše,1,21.3,2026-02-08T14:48:02.743164+00:00,2026-02-08T14:49:36.439644+00:00
respekt.cz,news,99,ignore,success,24330,198,32,3,3,0,,,0,16.2,2026-02-08T14:48:01.916431+00:00,2026-02-08T14:48:49.276616+00:00
respekt.cz,news,99,reject,success,13550,230,53,3,3,0,,,0,23.0,2026-02-08T14:48:07.533469+00:00,2026-02-08T14:48:54.028005+00:00
denikn.cz,news,100,accept,success,41436,99,68,21,12,0,,,0,68.7,2026-02-08T14:48:10.245438+00:00,2026-02-08T14:49:21.629083+00:00
denikn.cz,news,100,ignore,success,5763,120,90,21,12,0,,,0,75.0,2026-02-08T14:48:55.809209+00:00,2026-02-08T14:49:24.592922+00:00
denikn.cz,news,100,reject,success,36298,112,89,21,12,0,,,0,79.5,2026-02-08T14:48:16.901075+00:00,2026-02-08T14:49:22.564525+00:00
